{"cameraMode":{"drawMode":0,"name":"Shaded","section":"Shading Mode"},"sceneLighting":true,"audioPlay":false,"sceneViewState":{"m_AlwaysRefresh":false,"showFog":true,"showSkybox":true,"showFlares":true,"showImageEffects":true,"showParticleSystems":true,"showVisualEffectGraphs":true,"m_FxEnabled":true},"in2DMode":false,"pivot":{"x":178.64761352539063,"y":383.53424072265627,"z":454.2603759765625},"rotation":{"x":-0.009421459399163723,"y":-0.9902326464653015,"z":0.08368228375911713,"w":-0.111262746155262},"size":302.9524841308594,"orthographic":true}